title,author
pierwszy,pierwszy
drugi,drugi
pierwszy,pierwszy
drugi,drugi
pierwszy,pierwszy
drugi,drugi
pierwszy,pierwszy
drugi,drugi
pierwszy,pierwszy
drugi,drugi
pierwszy,pierwszy
drugi,drugi
pierwszy,pierwszy
drugi,drugi
pierwszy,pierwszy
drugi,drugi
pierwszy,pierwszy
drugi,drugi
pierwszy,pierwszy
drugi,drugi
pierwszy,pierwszy
drugi,drugi
pierwszy,pierwszy
drugi,drugi
pierwszy,pierwszy
drugi,drugi
pierwszy,pierwszy
drugi,drugi
pierwszy,pierwszy
drugi,drugi
pierwszy,pierwszy
drugi,drugi
pierwszy,pierwszy
drugi,drugi
pierwszy,pierwszy
drugi,drugi
pierwszy,pierwszy
drugi,drugi
pierwszy,pierwszy
